Category,Calories,Protein,Fat,Carbs,Fibre,,"Note: Protein, Fat, Carbs, Fibre, are measured in grams"
Baked Goods,73,2,,16,0.4,,
Vegetable,129,3,,29,0.1,,
Beverages,45,1,1,7,0.2,,
Dairy,206,2,4,39,1.8,,
Eggs,296,2,14,43,2,,
Fast Foods,411,4,19,58,2.3,,
Fats and oil,196,3,6,33,0.7,,
Fish,231,3,12,29,0.6,,
Fruit,186,3,8,25,0.7,,
Grain,97,2,4,14,0.4,,
Nuts,212,4,10,27,0.9,,
Meat,93,2,4,13,0.4,,
Poultry,232,2,8,39,1.3,,
Snacks,162,6,5,24,0.9,,
Mixed dises,197,3,5,33,2.4,,
soup,138,2,6,22,0.7,,
sweet,168,2,10,18,0.8,,
Baked Goods,248,2,14,29,0.7,,
Vegetable,542,5,28,70,1.5,,
Beverages,135,2,3,26,1.2,,
Dairy,321,6,23,26,0.4,,
Eggs,407,8,19,53,2.8,,
Fast Foods,459,11,23,55,0.8,,
Fats and oil,325,3,14,50,1,,
Fish,98,1,5,13,0.6,,
Fruit,156,2,9,19,0.9,,
Grain,118,1,5,16,0.4,,
Nuts,129,1,4,21,0.6,,
Meat,344,3,22,38,2.3,,
Poultry,93,1,4,14,0.6,,
Snacks,362,4,13,61,2,,
Mixed dises,282,3,10,48,2,,
soup,408,4,16,67,1.9,,
sweet,191,1,11,24,0.8,,
Baked Goods,194,2,6,35,0.9,,
Vegetable,237,4,13,26,1.1,,
Beverages,142,2,4,24,0.5,,
Dairy,231,5,12,26,1.5,,
Eggs,262,5,15,29,0.8,,
Fast Foods,263,4,13,34,1.3,,
Fats and oil,226,3,8,37,2.3,,
Fish,198,2,11,23,0.7,,
Fruit,270,3,18,27,1.1,,
Grain,242,4,14,27,0.7,,
Nuts,289,5,16,33,0.8,,
Meat,262,6,16,24,0.6,,
Poultry,111,1,2,23,1.5,,
Snacks,404,4,21,55,3.3,,
Mixed dises,139,1,4,26,1.6,,
soup,58,1,1,11,0.3,,
sweet,212,3,7,35,0.8,,
Baked Goods,59,1,1,11,0.4,,
Vegetable,105,2,4,17,1.1,,
Beverages,118,3,5,16,1.3,,
Dairy,109,1,3,20,1,,
Eggs,127,2,6,18,1.6,,
Fast Foods,188,4,12,20,1,,
Fats and oil,124,2,5,19,1.3,,
Fish,303,2,10,53,1.4,,
Fruit,477,4,18,79,4.3,,
Grain,129,2,4,22,0.3,,
Nuts,178,2,6,30,0.6,,
Meat,199,4,8,32,3.7,,
Poultry,344,7,14,49,1.9,,
Snacks,366,8,14,53,2.4,,
Mixed dises,313,6,7,54,2.9,,
soup,162,4,6,23,0.9,,
sweet,117,2,5,18,0.7,,
Baked Goods,134,2,5,20,0.7,,
Vegetable,134,2,6,18,0.5,,
Beverages,190,4,10,24,1.5,,
Dairy,452,5,21,65,4,,
Eggs,391,5,23,42,0.4,,
Fast Foods,229,4,10,30,2.9,,
Fats and oil,91,1,2,18,0.1,,
Fish,80,1,4,10,0.3,,
Fruit,185,2,12,19,0.5,,
Grain,234,5,8,34,1,,
Nuts,72,1,1,15,0.1,,
Meat,187,5,3,36,0.2,,
Poultry,143,2,6,20,0.2,,
Snacks,142,2,4,25,0.4,,
Mixed dises,407,3,31,31,0.5,,
soup,206,3,7,34,0.5,,
sweet,215,2,6,39,0.4,,
Baked Goods,57,1,2,9,0.2,,
Vegetable,363,3,10,66,0.9,,
Beverages,283,2,8,52,1,,
Dairy,371,3,9,70,0.3,,
Eggs,363,4,11,64,0.9,,
Fast Foods,210,1,,47,0,,
Fats and oil,183,1,0,10,0.7,,
Fish,99,1,0,5,0,,
Fruit,140,1,0,10,0,,
Grain,149,5,3,26,0,,
Nuts,131,,,32,0.3,,
Meat,0,0,0,0,0,,
Poultry,237,,,9,0.1,,
Snacks,246,,,6,0.1,,
Mixed dises,3,,,0,0,,
soup,3,,0,0,0,,
sweet,5,,,1,0,,
Baked Goods,101,5,6,7,0,,
Vegetable,13,,,3,0.8,,
Beverages,110,,0,28,0,,
Dairy,3,,0,,0,,
Eggs,107,0,0,28,0,,
Fast Foods,3,0,,1,0,,
Fats and oil,102,0,,26,0,,
Fish,102,0,,26,0,,
Fruit,123,0,0,33,0,,
Grain,88,0,0,23,0,,
Nuts,211,2,9,28,0,,
Meat,127,3,1,27,0,,
Poultry,127,3,2,26,0,,
Snacks,91,0,0,23,0,,
Mixed dises,93,,,23,0,,
soup,105,,,27,0.2,,
sweet,104,0,0,27,0,,
Baked Goods,172,1,8,11,0,,
Vegetable,113,,,29,0.3,,
Beverages,0,0,0,,0,,
Dairy,134,0,,34,0,,
Eggs,135,0,0,34,0,,
Fast Foods,126,0,0,32,0,,
Fats and oil,87,,,12,0.1,,
Fish,109,0,0,0,0,,
Fruit,29,0,0,8,0,,
Grain,67,0,,16,0,,
Nuts,3,0,,1,0,,
Meat,3,0,,1,0,,
Poultry,124,0,0,32,0,,
Snacks,220,,1,33,0.3,,
Mixed dises,0,0,0,0,0,,
soup,0,0,0,0,0,,
sweet,203,,0,17,0,,
Baked Goods,90,,0,2,0,,
Vegetable,85,,0,1,0,,
Beverages,104,9,1.4,12,2,,
Dairy,177,11,9.3,1,14,,
Eggs,186,12,9.4,1,15,,
Fast Foods,167,10,8.7,,14,,
Fats and oil,150,10,7.6,,12,,
Fish,202,12,10.5,1,17,,
Fruit,141,14,5.8,1,9,,
Grain,86,15,0.8,3,1,,
Nuts,70,3,3.4,2,5,,
Meat,103,2,6.5,1,10,,
Poultry,179,12,8.8,1,14,,
Snacks,132,7,7.7,2,11,,
Mixed dises,134,9,7.3,,11,,
soup,178,13,9,1,14,,
sweet,207,15,9.5,,16,,
Baked Goods,120,8,4.4,6,7,,
Vegetable,141,10,6.8,1,11,,
Beverages,127,13,5.2,1,8,,
Dairy,27,2,1.1,,2,,
Eggs,78,5,4.1,,7,,
Fast Foods,50,4,1.8,2,3,,
Fats and oil,90,5,4.1,3,7,,
Fish,69,6,2.2,4,3,,
Fruit,181,15,6.5,7,10,,
Grain,25,2,1.1,,2,,
Nuts,190,13,8.9,3,14,,
Meat,70,5,3.3,,5,,
Poultry,207,9,3.4,33,6,,
Snacks,238,10,3.3,38,5,,
Mixed dises,21,,0.3,2,2,,
soup,11,,0.6,1,1,,
sweet,9,,0.1,1,,,
Baked Goods,18,,1,1,2,,
Vegetable,39,,2.1,2,3,,
Beverages,60,,4.1,4,5,,
Dairy,42,1,2.1,4,2,,
Eggs,37,1,2,3,2,,
Fast Foods,47,,3.4,3,4,,
Fats and oil,145,5,2.1,24,3,,
Fish,362,10,11.9,36,20,,
Fruit,68,3,1.1,10,2,,
Grain,78,3,0,15,1,,
Nuts,203,9,3.8,28,6,,
Meat,255,10,3.8,41,6,,
Poultry,160,2,0.9,34,2,,
Snacks,260,16,3.1,36,5,,
Mixed dises,104,6,3.8,7,6,,
soup,296,8,4.2,53,7,,
sweet,279,10,4.7,44,8,,
Baked Goods,166,9,1.6,28,3,,
Vegetable,190,8,3.3,27,5,,
Beverages,62,2,1.1,11,2,,
Dairy,122,10,1.6,15,3,,
Eggs,15,1,0.2,2,,,
Fast Foods,105,10,0.2,15,,,
Fats and oil,13,1,,2,,,
Fish,178,9,6.3,13,10,,
Fruit,21,1,0.8,2,1,,
Grain,108,9,1.6,13,3,,
Nuts,129,9,3.3,12,5,,
Meat,146,10,3.2,14,5,,
Poultry,86,8,0.1,13,,,
Snacks,88,9,0.2,13,,,
Mixed dises,155,8,5.4,12,8,,
soup,149,4,1.6,27,3,,
sweet,138,3,0.7,23,4,,
Baked Goods,96,3,0.2,20,,,
Vegetable,160,4,1.2,32,2,,
Beverages,161,2,1.2,22,7,,
Dairy,118,2,0.6,19,4,,
Eggs,88,2,0,20,,,
Fast Foods,128,2,0.6,22,4,,
Fats and oil,92,2,,22,,,
Fish,127,,0.2,26,2,,
Fruit,5,1,,1,,,
Grain,22,,1.3,1,2,,
Nuts,21,1,1,1,2,,
Meat,162,6,0.6,26,4,,
Poultry,110,7,0.5,13,4,,
Snacks,85,7,0.5,4,4,,
Mixed dises,28,,1.7,1,3,,
soup,49,,3.3,,5,,
sweet,100,1,6.2,3,10,,
Baked Goods,233,7,2.7,40,5,,
Vegetable,114,10,1.8,13,3,,
Beverages,129,9,3.3,12,5,,
Dairy,79,8,0,11,,,
Eggs,183,7,2.3,30,4,,
Fast Foods,116,8,,21,,,
Fats and oil,94,7,0,16,,,
Fish,226,14,17,4,,,
Fruit,16,3,0,,,,
Grain,59,3,6,1,,,
Nuts,173,12,14,2,,,
Meat,78,6,5,1,,,
Poultry,74,6,5,,,,
Snacks,572,34,35,30,,,
Mixed dises,189,13,14,4,,,
soup,273,18,20,5,,,
sweet,319,15,24,13,,,
Baked Goods,237,17,17,5,,,
Vegetable,266,24,15,9,2.2,,
Beverages,483,27,18,52,0.4,,
Dairy,477,16,31,33,1.1,,
Eggs,289,17,13,27,1.5,,
Fast Foods,650,30,35,53,1.8,,
Fats and oil,319,15,15,32,1.3,,
Fish,295,22,15,18,2.6,,
Fruit,200,21,9,10,2.2,,
Grain,343,12,13,44,1.3,,
Nuts,632,29,39,42,2.2,,
Meat,335,33,12,23,1.2,,
Poultry,283,22,17,9,0.3,,
Snacks,285,15,18,16,0.9,,
Mixed dises,270,26,9,23,4.9,,
soup,197,7,8,24,1.1,,
sweet,310,22,7,37,2,,
Baked Goods,113,5,6,9,0.7,,
Vegetable,523,21,29,48,2.4,,
Beverages,236,3,12,29,2.5,,
Dairy,192,5,8,26,1.5,,
Eggs,806,50,62,8,0.6,,
Fast Foods,576,32,32,39,1.9,,
Fats and oil,275,12,12,31,1.3,,
Fish,167,17,8,5,0.5,,
Fruit,242,10,15,18,0.9,,
Grain,223,6,6,36,3.3,,
Nuts,195,6,5,31,0.2,,
Meat,276,4,16,31,1.7,,
Poultry,210,9,8,25,1.5,,
Snacks,219,11,9,23,1.4,,
Mixed dises,193,8,7,24,1.8,,
soup,250,11,12,24,1.9,,
sweet,216,7,4,38,3.4,,
Baked Goods,456,22,19,51,3,,
Vegetable,417,24,16,44,3.3,,
Beverages,584,30,28,55,2.9,,
Dairy,199,9,10,17,0.5,,
Eggs,359,19,19,28,4.5,,
Fast Foods,191,15,7,15,1,,
Fats and oil,532,32,25,44,3.5,,
Fish,60,1,5,3,0.3,,
Fruit,110,0,12,0,,,
Grain,17,,2,,,,
Nuts,34,,4,,,,
Meat,34,,4,,,,
Poultry,34,,4,,,,
Snacks,34,,4,,,,
Mixed dises,34,,4,,,,
soup,34,,4,,,,
sweet,117,0,13,0,,,
Baked Goods,34,,4,,,,
Vegetable,125,0,14,0,,,
Beverages,122,0,14,0,,,
Dairy,122,0,14,0,,,
Eggs,122,0,14,0,,,
Fast Foods,121,0,14,0,,,
Fats and oil,121,0,14,0,,,
Fish,122,0,14,0,,,
Fruit,122,0,14,0,,,
Grain,122,0,14,0,,,
Nuts,78,1,8,1,,,
Meat,15,1,1,,,,
Poultry,79,,9,,,,
Snacks,17,,1,3,,,
Mixed dises,21,,,5,,,
soup,72,,7,2,,,
sweet,33,,2,4,,,
Baked Goods,43,,4,2,,,
Vegetable,11,,1,1,,,
Beverages,100,,11,1,,,
Dairy,51,,5,1,,,
Eggs,7,,,1,,,
Fast Foods,73,0,8,,,,
Fats and oil,71,,8,1,,,
Fish,36,,3,3,,,
Fruit,58,,5,4,,,
Grain,14,,,3,,,
Nuts,44,0,4,2,,,
Meat,59,,6,2,,,
Poultry,32,,2,3,,,
Snacks,115,0,13,0,,,
Mixed dises,34,,4,,,,
soup,33,,4,,,,
sweet,17,2,1,0,,,
Baked Goods,119,20,4,0,,,
Vegetable,110,18,4,0,,,
Beverages,71,16,1,0,,,
Dairy,156,14,7,9,,,
Eggs,114,14,6,0,,,
Fast Foods,41,4,3,1,,,
Fats and oil,98,17,3,0,,,
Fish,88,17,2,0,,,
Fruit,89,15,1,3,,,
Grain,125,22,2,4,,,
Nuts,79,17,1,0,,,
Meat,62,13,1,0,,,
Poultry,93,12,5,,,,
Snacks,71,15,1,0,,,
Mixed dises,68,8,1,7,,,
soup,72,15,1,0,,,
sweet,52,11,1,0,,,
Baked Goods,240,16,12,15,,,
Vegetable,265,22,15,9,,,
Beverages,227,13,10,20,,,
Dairy,63,7,1,6,,,
Eggs,80,17,1,0,,,
Fast Foods,84,18,1,0,,,
Fats and oil,105,20,2,0,,,
Fish,163,18,9,0,,,
Fruit,75,16,,1,,,
Grain,197,18,13,0,,,
Nuts,129,18,3,6,,,
Meat,91,18,2,0,,,
Poultry,58,6,2,3,,,
Snacks,90,9,3,5,,,
Mixed dises,50,4,1,5,,,
soup,89,18,1,0,,,
sweet,71,16,1,0,,,
Baked Goods,89,19,1,0,,,
Vegetable,155,17,9,0,,,
Beverages,116,19,4,0,,,
Dairy,106,16,4,0,,,
Eggs,106,16,4,0,,,
Fast Foods,134,18,6,0,,,
Fats and oil,116,24,9,0,,,
Fish,113,17,4,1,,,
Fruit,102,17,4,0,,,
Grain,47,7,2,0,,,
Nuts,47,7,2,0,,,
Meat,162,20,8,0,,,
Poultry,220,26,12,0,,,
Snacks,197,22,11,1,,,
Mixed dises,87,18,1,0,,,
soup,30,6,,0,,,
sweet,160,14,8,8,,,
Baked Goods,201,17,10,10,,,
Vegetable,96,20,1,0,,,
Beverages,88,18,1,0,,,
Dairy,127,18,5,0,,,
Eggs,203,17,10,10,,,
Fast Foods,87,19,1,0,,,
Fats and oil,149,22,6,0,,,
Fish,92,15,3,0,,,
Fruit,100,17,3,0,,,
Grain,59,,,15,0.1,,
Nuts,72,,,19,2.6,,
Meat,55,,,15,1.5,,
Poultry,67,1,,17,1.2,,
Snacks,50,1,,12,2.1,,
Mixed dises,161,2,15,9,6.7,,
soup,105,1,,27,2.1,,
sweet,33,1,,7,4,,
Baked Goods,42,,1,10,2.6,,
Vegetable,44,1,,11,2,,
Beverages,43,1,,11,1.4,,
Dairy,35,1,,9,1.3,,
Eggs,95,,,25,1.8,,
Fast Foods,76,0,,19,0.1,,
Fats and oil,61,1,,16,0.1,,
Fish,24,,0,6,0.1,,
Fruit,70,1,,19,2,,
Grain,42,1,,11,1.6,,
Nuts,37,,,10,1.5,,
Meat,58,1,,15,1.3,,
Poultry,73,1,,19,1.3,,
Snacks,117,1,,30,1.8,,
Mixed dises,70,1,,18,1.1,,
soup,67,,,17,0.1,,
sweet,81,1,,20,0.1,,
Baked Goods,50,1,,12,0.4,,
Vegetable,61,1,,15,0.1,,
Beverages,52,1,,13,2,,
Dairy,39,1,,10,2.1,,
Eggs,69,1,,18,1.2,,
Fast Foods,46,1,,11,2.3,,
Fats and oil,3,,,1,0.1,,
Fish,3,,,1,0.1,,
Fruit,63,1,,16,1.2,,
Grain,67,1,,18,1.9,,
Nuts,29,1,,7,0.6,,
Meat,32,,,8,0.7,,
Poultry,24,,,6,0.3,,
Snacks,74,,,19,0.8,,
Mixed dises,68,,,17,0.4,,
soup,60,1,,14,2.3,,
sweet,62,1,,15,2.3,,
Baked Goods,56,1,,13,0.1,,
Vegetable,59,1,,14,0.3,,
Beverages,58,1,,13,0.3,,
Dairy,58,1,,13,0.3,,
Eggs,57,1,,15,0.2,,
Fast Foods,29,,,7,1.3,,
Fats and oil,38,1,,9,1.9,,
Fish,58,1,,15,1.7,,
Fruit,72,1,,19,1.7,,
Grain,31,1,,8,1.7,,
Nuts,96,1,,26,5,,
Meat,66,,,17,2.1,,
Poultry,76,,,20,2.1,,
Snacks,37,,,10,2,,
Mixed dises,74,,,18,0.3,,
soup,79,1,,21,1.2,,
sweet,42,,,11,1.1,,
Baked Goods,94,1,,25,1.9,,
Vegetable,30,,,8,1.1,,
Beverages,53,1,,13,0.5,,
Dairy,72,0,0,20,0,,
Eggs,96,1,,24,1.4,,
Fast Foods,60,1,,16,1.8,,
Fats and oil,67,1,,18,3.6,,
Fish,110,1,,29,1.3,,
Fruit,34,1,,8,4.2,,
Grain,147,,,40,2.5,,
Nuts,27,1,,6,1.9,,
Meat,41,1,,11,1.8,,
Poultry,45,1,,11,1.5,,
Snacks,38,1,,9,1.2,,
Mixed dises,70,2,1,22,11.3,,
soup,92,4,1,27,11.8,,
sweet,173,4,3,34,3,,
Baked Goods,139,2,1,30,1.1,,
Vegetable,195,7,1,38,1.6,,
Beverages,84,2,,19,0.5,,
Dairy,102,2,,23,2,,
Eggs,185,5,1,41,7.4,,
Fast Foods,41,1,1,7,0.3,,
Fats and oil,188,3,9,23,3.1,,
Fish,96,3,1,18,1.1,,
Fruit,95,3,1,18,0.9,,
Grain,88,4,1,16,2.2,,
Nuts,192,7,2,36,1.4,,
Meat,94,3,2,17,1.4,,
Poultry,165,5,1,33,1.3,,
Snacks,170,6,2,35,4.7,,
Mixed dises,88,3,1,17,2.3,,
soup,96,3,2,18,1.5,,
sweet,91,3,1,17,2,,
Baked Goods,72,3,1,16,3.4,,
Vegetable,93,3,1,18,0.8,,
Beverages,100,3,2,17,0.7,,
Dairy,86,3,1,16,2.4,,
Eggs,97,3,2,18,2.1,,
Fast Foods,80,3,,18,2.7,,
Fats and oil,108,1,1,23,0.7,,
Fish,134,3,1,28,2.1,,
Fruit,95,3,2,18,2.2,,
Grain,75,2,4,9,0.4,,
Nuts,188,11,3,28,5.2,,
Meat,123,1,3,22,1,,
Poultry,124,3,2,30,6.1,,
Snacks,103,2,,23,0.7,,
Mixed dises,130,1,,30,0.4,,
soup,267,6,1,57,5.4,,
sweet,93,3,,19,0.7,,
Baked Goods,46,2,,9,0.7,,
Vegetable,31,1,1,6,0.4,,
Beverages,69,1,4,8,0.3,,
Dairy,133,4,1,26,1.5,,
Eggs,126,5,1,25,2.6,,
Fast Foods,79,3,1,24,14.1,,
Fats and oil,126,4,4,19,0.6,,
Fish,149,5,7,16,0.7,,
Fruit,116,1,1,26,0.6,,
Grain,142,2,,33,0.6,,
Nuts,93,3,1,22,4.3,,
Meat,122,2,5,18,1,,
Poultry,226,5,3,46,3.5,,
Snacks,245,5,8,41,5.3,,
Mixed dises,208,6,1,46,6,,
soup,218,5,9,31,3.3,,
sweet,92,1,,21,0.2,,
Baked Goods,172,4,1,38,2.2,,
Vegetable,124,5,2,23,2.9,,
Beverages,132,2,1,28,1.7,,
Dairy,209,7,1,42,1.8,,
Eggs,112,3,,24,0.9,,
Fast Foods,39,1,,8,0.6,,
Fats and oil,109,2,4,17,0.5,,
Fish,121,3,1,29,3.6,,
Fruit,144,5,2,28,3.5,,
Grain,120,1,1,27,0.6,,
Nuts,60,1,4,7,0.4,,
Meat,225,8,2,42,1.9,,
Poultry,73,3,1,12,3.4,,
Snacks,122,9,3,33,5.2,,
Mixed dises,200,7,4,35,5.3,,
soup,131,3,3,23,2.3,,
sweet,133,3,2,25,2.3,,
Baked Goods,141,3,2,29,2.8,,
Vegetable,112,4,2,20,2.7,,
Beverages,99,4,2,17,2.6,,
Dairy,73,3,3,10,1.1,,
Eggs,112,3,3,20,0.8,,
Fast Foods,64,1,2,11,0.4,,
Fats and oil,94,2,1,18,0.7,,
Fish,86,2,4,11,0.5,,
Fruit,220,9,3,40,3.7,,
Grain,223,9,3,41,2.2,,
Nuts,302,6,,70,0.1,,
Meat,112,2,6,13,1,,
Poultry,45,2,,9,1.4,,
Snacks,70,2,1,13,1.3,,
Mixed dises,187,5,1,47,6.7,,
soup,371,9,13,54,2,,
sweet,115,4,1,24,4,,
Baked Goods,128,2,3,24,0.6,,
Vegetable,305,5,1,67,2,,
Beverages,110,2,,24,0.3,,
Dairy,203,2,,46,1.9,,
Eggs,115,3,1,24,1.5,,
Fast Foods,109,2,,24,0.4,,
Fats and oil,85,2,,19,0.5,,
Fish,105,2,,23,0.4,,
Fruit,88,3,,18,1.6,,
Grain,167,6,2,30,1.3,,
Nuts,85,2,2,14,0.9,,
Meat,75,2,1,14,2.1,,
Poultry,120,4,2,21,0.9,,
Snacks,113,4,3,19,1.6,,
Mixed dises,41,1,1,7,0.6,,
soup,198,5,1,43,7.9,,
sweet,67,2,,16,4.6,,
Baked Goods,51,1,1,9,0.4,,
Vegetable,52,1,1,9,0.4,,
Beverages,91,3,1,21,3.5,,
Dairy,138,4,1,32,4.4,,
Eggs,174,25,1,20,9.2,,
Fast Foods,209,7,1,42,2.5,,
Fats and oil,183,8,1,39,4.8,,
Fish,94,4,,18,0.3,,
Fruit,60,1,3,7,0.2,,
Grain,60,1,3,7,0.2,,
Nuts,103,1,1,24,0.8,,
Meat,61,1,3,8,1,,
Poultry,41,1,1,8,1.2,,
Snacks,159,4,3,27,1.6,,
Mixed dises,117,1,1,27,1,,
soup,103,3,4,14,0.5,,
sweet,87,2,3,13,0.8,,
Baked Goods,130,4,1,29,4.4,,
Vegetable,8,1,,2,1.6,,
Beverages,95,2,3,13,1.4,,
Dairy,79,2,2,12,0.9,,
Eggs,240,7,1,50,2,,
Fast Foods,261,9,1,52,1.7,,
Fats and oil,262,6,1,56,1.2,,
Fish,215,9,1,46,7.7,,
Fruit,27,2,1,4,1.1,,
Grain,71,1,3,11,1.7,,
Nuts,205,5,19,7,1.2,,
Meat,208,8,18,7,4.2,,
Poultry,242,8,22,7,4.2,,
Snacks,209,8,18,7,4.1,,
Mixed dises,283,10,10,40,10.3,,
soup,177,9,1,40,7.7,,
sweet,198,10,3,37,10.4,,
Baked Goods,162,11,1,29,12.2,,
Vegetable,161,10,1,30,12.1,,
Beverages,219,15,1,40,9.9,,
Dairy,153,9,1,27,8.2,,
Eggs,175,10,2,29,9.9,,
Fast Foods,227,14,1,43,9.3,,
Fats and oil,137,8,1,24,5.9,,
Fish,233,5,24,4,2.7,,
Fruit,190,6,16,9,0.6,,
Grain,199,5,16,11,1,,
Nuts,211,9,2,40,7.8,,
Meat,57,2,3,5,1.3,,
Poultry,56,2,4,3,3,,
Snacks,215,5,21,6,3.3,,
Mixed dises,94,4,5,8,3.4,,
soup,170,13,1,29,6.2,,
sweet,190,14,1,32,5.9,,
Baked Goods,243,3,26,4,2.7,,
Vegetable,168,15,9,6,3.1,,
Beverages,148,16,7,6,3.5,,
Dairy,222,6,20,8,3.2,,
Eggs,206,6,18,9,3.1,,
Fast Foods,206,6,18,9,3.1,,
Fats and oil,191,8,16,7,2.6,,
Fish,184,7,16,7,2.5,,
Fruit,191,8,16,6,1.8,,
Grain,190,9,12,13,1.9,,
Nuts,219,10,19,6,2.7,,
Meat,217,9,18,8,3,,
Poultry,171,12,1,31,4.2,,
Snacks,173,2,18,3,2.4,,
Mixed dises,230,5,23,4,1.3,,
soup,177,7,14,8,3.2,,
sweet,189,9,16,6,1.4,,
Baked Goods,181,5,16,6,2.8,,
Vegetable,136,15,6,5,3.2,,
Beverages,220,21,11,13,8,,
Dairy,189,6,16,8,2.9,,
Eggs,189,21,11,3,0,,
Fast Foods,83,7,4,4,0.2,,
Fats and oil,138,18,4,7,5.7,,
Fish,106,10,6,2,0,,
Fruit,166,4,17,3,1.7,,
Grain,107,9,6,4,1.8,,
Nuts,87,11,4,1,,,
Meat,130,9,10,,,,
Poultry,130,9,10,,,,
Snacks,194,24,10,0,,,
Mixed dises,95,20,1,0,,,
soup,200,26,10,0,,,
sweet,227,23,14,0,,,
Baked Goods,181,24,8,0,,,
Vegetable,196,25,9,0,,,
Beverages,197,27,9,0,,,
Dairy,148,24,5,0,,,
Eggs,171,28,5,0,,,
Fast Foods,184,25,8,0,,,
Fats and oil,167,23,8,0,,,
Fish,194,22,11,0,,,
Fruit,214,22,13,0,,,
Grain,243,22,17,0,,,
Nuts,133,24,3,0,,,
Meat,175,30,5,0,,,
Poultry,158,25,5,0,,,
Snacks,195,29,8,0,,,
Mixed dises,230,20,16,0,,,
soup,232,23,15,0,,,
sweet,164,21,8,0,,,
Baked Goods,309,17,26,0,,,
Vegetable,156,25,5,0,,,
Beverages,237,21,16,0,,,
Dairy,183,28,7,0,,,
Eggs,191,23,10,0,,,
Fast Foods,216,22,13,0,,,
Fats and oil,170,24,7,0,,,
Fish,146,21,6,0,,,
Fruit,107,21,2,0,,,
Grain,153,7,13,3,,,
Nuts,129,6,11,1,,,
Meat,127,7,9,4,,,
Poultry,122,24,2,0,,,
Snacks,142,19,7,0,,,
Mixed dises,119,25,2,0,,,
soup,161,16,10,0,,,
sweet,127,19,5,0,,,
Baked Goods,179,20,10,0,,,
Vegetable,143,22,6,0,,,
Beverages,187,15,14,0,,,
Dairy,127,19,5,0,,,
Eggs,218,20,15,0,,,
Fast Foods,110,23,1,0,0,,
Fats and oil,89,9,5,,,,
Fish,195,17,14,0,,,
Fruit,153,16,9,0,,,
Grain,101,11,6,1,,,
Nuts,69,9,3,1,,,
Meat,193,5,19,,,,
Poultry,119,23,2,0,,,
Snacks,83,11,4,,,,
Mixed dises,75,8,4,1,,,
soup,48,10,,1,,,
sweet,62,10,2,1,,,
Baked Goods,91,9,5,2,,,
Vegetable,147,7,12,2,,,
Beverages,63,8,2,4,,,
Dairy,253,14,21,0,,,
Eggs,128,23,3,0,,,
Fast Foods,117,24,2,0,,,
Fats and oil,107,20,2,0,,,
Fish,179,22,10,0,,,
Fruit,150,23,6,0,,,
Grain,62,9,2,,,,
Nuts,48,6,3,,,,
Meat,124,16,6,,,,
Poultry,81,10,4,0,,,
Snacks,118,19,4,1,,,
Mixed dises,124,21,4,,,,
soup,131,21,5,0,,,
sweet,119,20,3,0,,,
Baked Goods,124,9,9,2,,,
Vegetable,182,21,10,0,,,
Beverages,212,19,15,0,,,
Dairy,194,19,12,0,,,
Eggs,232,17,18,0,,,
Fast Foods,269,16,22,0,,,
Fats and oil,207,17,15,0,,,
Fish,203,19,13,0,,,
Fruit,194,20,12,0,,,
Grain,176,19,10,0,,,
Nuts,222,18,16,0,,,
Meat,238,15,19,0,,,
Poultry,257,22,18,0,,,
Snacks,93,4,8,1,,,
Mixed dises,131,20,4,4,,,
soup,129,19,5,1,,,
sweet,145,21,5,3,,,
Baked Goods,121,26,1,0,,,
Vegetable,119,20,4,0,,,
Beverages,123,22,3,0,,,
Dairy,74,10,3,1,,,
Eggs,84,4,7,,,,
Fast Foods,252,11,22,2,,,
Fats and oil,274,21,20,0,,,
Fish,180,22,10,0,,,
Fruit,208,22,12,0,,,
Grain,175,19,11,0,,,
Nuts,224,18,16,0,,,
Meat,189,22,11,0,,,
Poultry,197,22,12,0,,,
Snacks,199,20,13,0,,,
Mixed dises,198,19,13,0,,,
soup,219,17,16,0,,,
sweet,251,20,18,0,,,
Baked Goods,108,21,2,0,,,
Vegetable,116,23,2,0,,,
Beverages,148,22,6,0,,,
Dairy,118,6,9,2,,,
Eggs,185,12,15,1,,,
Fast Foods,182,7,14,7,,,
Fats and oil,184,11,14,2,,,
Fish,51,2,5,,,,
Fruit,35,2,3,,,,
Grain,258,14,20,3,,,
Nuts,147,18,8,0,,,
Meat,129,26,2,0,,,
Poultry,99,20,2,0,,,
Snacks,188,9,17,,,,
Mixed dises,94,17,2,0,,,
soup,200,14,15,,,,
sweet,50,6,3,,,,
Baked Goods,162,17,9,0,,,
Vegetable,139,19,6,0,,,
Beverages,176,21,10,0,,,
Dairy,143,21,4,0,,,
Eggs,116,21,2,0,,,
Fast Foods,173,23,9,0,,,
Fats and oil,136,27,2,0,,,
Fish,142,28,2,0,,,
Fruit,129,18,6,0,,,
Grain,171,20,7,7,,,
Nuts,120,21,3,0,,,
Meat,163,19,9,0,,,
Poultry,142,23,5,0,,,
Snacks,141,26,3,0,,,
Mixed dises,110,5,9,1,,,
soup,104,5,8,2,,,
sweet,107,5,9,2,,,
Baked Goods,58,4,4,2,,,
Vegetable,93,4,7,2,,,
Beverages,34,2,0.3,2,2,,
Dairy,108,2,5.8,1,11,,
Eggs,31,2,0.7,3,1,,
Fast Foods,20,1,0.2,3,1,,
Fats and oil,48,1,0.9,3,3,,
Fish,22,1,0.2,4,1,,
Fruit,31,2,0.4,3,1,,
Grain,22,1,0.2,4,1,,
Nuts,15,,,4,,,
Meat,11,1,,1,1,,
Poultry,23,,0.3,1,2,,
Snacks,13,,0.1,1,1,,
Mixed dises,50,1,2.5,3,4,,
soup,20,,,5,,,
sweet,12,,,3,,,
Baked Goods,33,,,9,,,
Vegetable,5,,,1,,,
Beverages,12,,,2,,,
Dairy,81,5,2.1,7,4,,
Eggs,106,,,27,,,
Fast Foods,121,5,4.3,3,10,,
Fats and oil,7,,,1,,,
Fish,9,,,2,,,
Fruit,20,,0.1,4,,,
Grain,15,1,0,3,0,,
Nuts,89,2,1.7,6,6,,
Meat,74,1,1.6,2,7,,
Poultry,638,18,38,57,2,,
Snacks,168,18,4,14,1.8,,
Mixed dises,189,8,6,27,3.8,,
soup,316,20,12,32,2.2,,
sweet,368,28,23,13,1.5,,
Baked Goods,350,19,8,50,4.1,,
Vegetable,494,21,29,37,3.1,,
Beverages,558,32,26,47,2.8,,
Dairy,364,22,14,37,2.4,,
Eggs,355,19,11,46,2.9,,
Fast Foods,395,11,17,49,2,,
Fats and oil,319,23,10,32,1.9,,
Fish,346,9,19,36,4.1,,
Fruit,220,15,6,26,1.5,,
Grain,380,13,26,25,1.9,,
Nuts,627,31,38,40,2.5,,
Meat,179,5,15,7,1.7,,
Poultry,491,41,31,12,3.7,,
Snacks,47,1,4,4,0.9,,
Mixed dises,139,4,13,4,1.1,,
soup,245,5,10,33,2.2,,
sweet,306,5,18,32,2.1,,
Baked Goods,479,14,35,27,1.2,,
Vegetable,260,13,10,28,2.1,,
Beverages,388,40,10,31,1.7,,
Dairy,346,22,14,33,2.5,,
Eggs,340,16,16,33,1.7,,
Fast Foods,371,20,18,33,1.7,,
Fats and oil,389,17,17,40,3.1,,
Fish,250,9,2,47,1.9,,
Fruit,401,19,14,50,4.9,,
Grain,290,22,14,20,2.2,,
Nuts,255,18,17,8,1.5,,
Meat,183,14,10,10,1.4,,
Poultry,164,5,,35,0.8,,
Snacks,122,2,,27,0.5,,
Mixed dises,472,26,26,33,0.7,,
soup,193,12,11,13,2,,
sweet,307,15,17,23,1.2,,
Baked Goods,32,1,,7,1.3,,
Vegetable,73,,5,8,1.1,,
Beverages,81,7,5,2,0.4,,
Dairy,186,8,14,10,2.2,,
Eggs,132,4,4,21,1.9,,
Fast Foods,160,1,5,29,1.9,,
Fats and oil,205,3,13,20,0.4,,
Fish,49,,1,11,0.5,,
Fruit,34,1,1,6,1.1,,
Grain,58,1,3,7,1.2,,
Nuts,156,2,11,14,1,,
Meat,202,2,8,31,2.1,,
Poultry,211,3,14,23,1.9,,
Snacks,230,3,15,21,1.6,,
Mixed dises,19,,,4,0.2,,
soup,19,,,4,0.2,,
sweet,35,1,,7,0.4,,
Baked Goods,75,2,5,6,0.4,,
Vegetable,205,15,11,15,7.7,,
Beverages,249,4,13,31,2.7,,
Dairy,234,3,12,29,3,,
Eggs,176,5,11,17,2.5,,
Fast Foods,144,2,6,23,2.4,,
Fats and oil,88,5,3,9,0.8,,
Fish,18,3,1,,0,,
Fruit,180,12,5,21,1.5,,
Grain,41,5,1,1,0,,
Nuts,185,13,6,18,4.1,,
Meat,79,4,3,10,0.8,,
Poultry,58,2,1,9,0.3,,
Snacks,135,19,3,7,0.9,,
Mixed dises,105,9,2,13,2.1,,
soup,175,13,5,20,0.9,,
sweet,142,8,4,20,3,,
Baked Goods,157,10,5,18,1.6,,
Vegetable,189,8,10,16,0.3,,
Beverages,202,6,13,16,0.5,,
Dairy,137,2,9,10,0.5,,
Eggs,134,6,5,17,0.8,,
Fast Foods,155,6,5,24,1.3,,
Fats and oil,62,5,2,7,0.8,,
Fish,204,10,6,28,1.9,,
Fruit,193,12,5,27,5.1,,
Grain,134,5,3,22,6.1,,
Nuts,83,5,2,13,0.8,,
Meat,29,1,1,5,0.8,,
Poultry,162,3,8,20,6.2,,
Snacks,195,12,4,28,4.1,,
Mixed dises,190,13,2,31,3.8,,
soup,56,2,1,10,0.5,,
sweet,90,2,2,18,1.2,,
Baked Goods,90,2,2,19,0.5,,
Vegetable,129,4,4,20,1.3,,
Beverages,49,3,1,8,1.4,,
Dairy,83,6,2,11,0.7,,
Eggs,76,2,2,13,0.5,,
Fast Foods,180,4,12,15,1.4,,
Fats and oil,18,0,0,5,0,,
Fish,21,,,5,0,,
Fruit,29,1,2,2,0.2,,
Grain,154,2,3,31,0.5,,
Nuts,289,3,14,38,0.6,,
Meat,132,3,6,17,1.2,,
Poultry,246,3,11,35,0.5,,
Snacks,7,0,,2,0.1,,
Mixed dises,5,0,,2,,,
soup,218,3,11,27,0.4,,
sweet,65,3,,14,0.9,,
Baked Goods,245,3,9,42,1,,
Vegetable,203,4,14,14,0.5,,
Beverages,110,1,,26,1,,
Dairy,135,2,3,24,1.1,,
Eggs,201,2,9,27,1.1,,
Fast Foods,204,2,13,27,2.5,,
Fats and oil,235,2,13,29,2.5,,
Fish,59,0,0,16,0,,
Fruit,42,,,10,0.5,,
Grain,23,,,5,0.4,,
Nuts,59,,2,13,0.3,,
Meat,116,3,3,20,1.2,,
Poultry,124,3,4,18,0,,
Snacks,63,1,,16,0.8,,
Mixed dises,52,,,12,0.5,,
soup,289,5,14,41,1.3,,
sweet,70,,2,13,0.3,,
Baked Goods,84,,1,18,0,,
Vegetable,25,1,0,5,0,,
Beverages,88,2,0,20,0,,
Dairy,143,0,0,36,,,
Eggs,24,0,,6,0,,
Fast Foods,11,0,0,3,0,,
Fats and oil,22,,0,6,,,
Fish,222,5,14,23,1.9,,
Fruit,266,7,7,43,0.6,,
Grain,143,3,6,22,0.9,,
Nuts,151,3,8,20,0.8,,
Meat,237,4,16,21,0.8,,
Poultry,134,2,6,19,0.6,,
Snacks,117,5,2,20,0,,
Mixed dises,106,3,5,15,0.5,,
soup,282,4,18,25,0,,
sweet,153,3,8,18,0.5,,
Baked Goods,10,0,,2,0,,
Vegetable,56,,,14,0.2,,
Beverages,56,,,15,0.2,,
Dairy,105,0,,26,0.1,,
Eggs,132,1,1,30,0,,
Fast Foods,55,0,,14,0,,
Fats and oil,50,,0,13,0.1,,
Fish,23,,,6,,,
Fruit,209,2,11,26,1,,
Grain,268,4,15,30,1.7,,
Nuts,62,0,,16,0,,
Meat,47,0,0,12,0.1,,
Poultry,263,5,16,28,1.8,,
Snacks,208,5,13,20,1.9,,
Mixed dises,29,,,7,0.2,,
soup,54,0,0,14,0,,
sweet,39,,1,7,0.4,,
Baked Goods,181,4,12,18,2.8,,
Vegetable,113,1,2,24,2.6,,
Beverages,43,,,10,0,,
Dairy,575,13,20,89,1.9,,
Eggs,203,2,11,23,2,,
Fast Foods,4,,0,1,0,,
Fats and oil,2,0,0,,0,,
Fish,67,,4,8,0,,
Fruit,209,1,13,24,0.5,,
Grain,105,1,,27,0.4,,
Nuts,110,,,29,0.3,,
Meat,16,0,0,4,0,,
Poultry,2,,,,0.2,,
Snacks,13,1,,3,1,,
Mixed dises,27,1,2,3,1,,
soup,60,4,,13,4.7,,
sweet,21,2,1,3,1.5,,
Baked Goods,18,2,,3,1.6,,
Vegetable,33,3,,7,1.2,,
Beverages,100,6,,18,4,,
Dairy,14,1,,3,1.5,,
Eggs,22,1,,5,1.9,,
Fast Foods,78,1,,20,2.2,,
Fats and oil,40,2,,9,1.8,,
Fish,28,1,,6,1.9,,
Fruit,9,,,2,1.6,,
Grain,11,1,,2,0.9,,
Nuts,29,2,,6,2,,
Meat,16,1,,3,1.1,,
Poultry,27,3,,5,2.3,,
Snacks,33,3,,6,3.2,,
Mixed dises,17,1,,4,1.3,,
soup,9,1,,2,0.7,,
sweet,11,1,,3,0.8,,
Baked Goods,50,1,,12,1,,
Vegetable,28,1,,7,1.4,,
Beverages,28,1,,6,1.9,,
Dairy,25,1,,6,1.5,,
Eggs,15,1,,3,1.8,,
Fast Foods,13,1,,3,0.9,,
Fats and oil,6,,,1,0.6,,
Fish,44,1,2,8,1,,
Fruit,97,2,1,25,1.8,,
Grain,88,3,1,22,2.3,,
Nuts,82,3,1,19,2,,
Meat,3,,,1,0.2,,
Poultry,100,9,4,8,4.3,,
Snacks,18,,,5,1.3,,
Mixed dises,33,4,,6,0.9,,
soup,13,1,,2,1.3,,
sweet,18,2,,3,1.6,,
Baked Goods,19,1,,4,1.4,,
Vegetable,17,,,4,0.5,,
Beverages,8,1,,1,0.6,,
Dairy,8,1,,2,0.7,,
Eggs,9,1,,2,0.8,,
Fast Foods,10,1,,2,1.2,,
Fats and oil,12,1,,2,1.1,,
Fish,21,2,,4,2.3,,
Fruit,30,4,1,4,1.9,,
Grain,12,2,,2,0.6,,
Nuts,27,2,,4,2.1,,
Meat,15,2,,2,1,,
Poultry,5,,,1,0.4,,
Snacks,17,,,4,0.6,,
Mixed dises,61,,5,4,0.8,,
soup,59,1,,14,2.7,,
sweet,62,4,,11,4,,
Baked Goods,66,4,,12,3.7,,
Vegetable,36,3,,6,2.4,,
Beverages,14,1,,3,0.6,,
Dairy,4,,,1,0.4,,
Eggs,16,1,,4,1.2,,
Fast Foods,95,1,9,3,1.3,,
Fats and oil,15,1,,4,0.8,,
Fish,99,1,9,5,1.3,,
Fruit,25,1,,6,0.8,,
Grain,36,1,2,5,0.6,,
Nuts,205,4,15,14,1.4,,
Meat,145,3,,34,3.4,,
Poultry,161,4,,37,3.8,,
Snacks,116,2,,27,1.9,,
Mixed dises,129,3,,30,2.5,,
soup,84,2,,19,1.3,,
sweet,212,5,,49,5.1,,
Baked Goods,156,3,,36,3.4,,
Vegetable,96,2,4,15,1.6,,
Beverages,180,3,9,23,1.8,,
Dairy,107,3,4,15,1.1,,
Eggs,116,2,4,19,2.2,,
Fast Foods,120,3,5,16,1,,
Fats and oil,111,4,5,14,2.5,,
Fish,44,1,,10,3.8,,
Fruit,5,,,1,0.2,,
Grain,2,,,,0.2,,
Nuts,35,1,,8,1.6,,
Meat,14,1,,3,1.9,,
Poultry,8,1,,1,0.1,,
Snacks,22,3,,4,2.3,,
Mixed dises,7,1,,1,0.7,,
soup,61,1,,16,2.1,,
sweet,43,1,,11,1.8,,
Baked Goods,22,1,,5,0.9,,
Vegetable,51,1,,12,1.9,,
Beverages,57,1,,13,1.9,,
Dairy,18,2,,4,1.9,,
Eggs,61,1,,14,0.5,,
Fast Foods,22,1,,5,0.9,,
Fats and oil,31,1,,8,0.7,,
Fish,143,2,6,21,1.9,,
Fruit,41,2,,10,1.9,,
Grain,35,1,,8,1.4,,
Nuts,22,1,,5,1,,
Meat,22,1,,5,1.5,,
Poultry,5,,,1,0.2,,
Snacks,6,,,1,0.2,,
Mixed dises,18,1,,4,1.6,,
soup,24,1,,6,0.7,,
sweet,28,1,,6,1,,
Baked Goods,29,1,,6,1.8,,
Vegetable,22,2,,4,2.4,,
Beverages,63,3,,13,2.8,,
Dairy,51,3,,11,2.7,,
Eggs,6,,,1,0.4,,
Fast Foods,15,1,,4,1.3,,
